Residue index,Chain index,Predicted MD fluctuation value
  35, A,4.783500
  36, A,2.169540
  37, A,1.558150
  38, A,1.420140
  39, A,1.745870
  40, A,1.568540
  41, A,1.409900
  42, A,1.375670
  43, A,1.313850
  44, A,1.652220
  45, A,2.149430
  46, A,1.444830
  47, A,1.263410
  48, A,1.337230
  49, A,1.427170
  50, A,1.262170
  51, A,1.166210
  52, A,1.260860
  53, A,1.373230
  54, A,1.306810
  55, A,1.235100
  56, A,1.552510
  57, A,1.649760
  58, A,1.704460
  59, A,1.751330
  60, A,1.237510
  61, A,1.299820
  62, A,1.291550
  63, A,1.352170
  64, A,1.330720
  65, A,1.359540
  66, A,2.089920
  67, A,1.582790
  68, A,1.981860
  69, A,2.176720
  70, A,1.352230
  71, A,1.210370
  72, A,1.126210
  73, A,1.069760
  74, A,1.023800
  75, A,1.221210
  76, A,1.251210
  77, A,1.230200
  78, A,1.021330
  79, A,1.051070
  80, A,0.981716
  81, A,1.100760
  82, A,1.031630
  83, A,1.040900
  84, A,1.113970
  85, A,1.226310
  86, A,1.005560
  87, A,1.055920
  88, A,1.159200
  89, A,1.122750
  90, A,1.110920
  91, A,1.210880
  92, A,1.095950
  93, A,1.020770
  94, A,1.139220
  95, A,1.340400
  96, A,1.102320
  97, A,1.225460
  98, A,1.533150
  99, A,1.821250
 100, A,2.517920
 101, A,1.806620
 102, A,1.416090
 103, A,1.313850
 104, A,1.231760
 105, A,1.155830
 106, A,1.066500
 107, A,1.048600
 108, A,1.063580
 109, A,0.939913
 110, A,0.989366
 111, A,0.948705
 112, A,0.901376
 113, A,0.988223
 114, A,1.065820
 115, A,1.033230
 116, A,1.163750
 117, A,1.112100
 118, A,1.332220
 119, A,1.361220
 120, A,1.578980
 121, A,1.557430
 122, A,1.674580
 123, A,1.517790
 124, A,1.459320
 125, A,1.154010
 126, A,1.372450
 127, A,0.907365
 128, A,1.059220
 129, A,1.336710
 130, A,1.082250
 131, A,1.255930
 132, A,1.099860
 133, A,1.106090
 134, A,0.975658
 135, A,0.960041
 136, A,0.972757
 137, A,0.970119
 138, A,1.044370
 139, A,1.121240
 140, A,1.219600
 141, A,1.659160
 142, A,1.421860
 143, A,2.338730
 144, A,2.117890
 145, A,2.248360
 146, A,1.425300
 147, A,1.207470
 148, A,0.966990
 149, A,0.944935
 150, A,0.880312
 151, A,0.901209
 152, A,0.880125
 153, A,0.946856
 154, A,1.109410
 155, A,0.967006
 156, A,1.092660
 157, A,1.219940
 158, A,2.075200
 159, A,1.500380
 160, A,1.233360
 161, A,1.277030
 162, A,1.023180
 163, A,1.001220
 164, A,0.904764
 165, A,0.906660
 166, A,0.946870
 167, A,0.951672
 168, A,1.007480
 169, A,1.139320
 170, A,1.291920
 171, A,1.210040
 172, A,1.125160
 173, A,0.954439
 174, A,0.897324
 175, A,0.961238
 176, A,1.047210
 177, A,1.039300
 178, A,1.180680
 179, A,1.099990
 180, A,1.235410
 181, A,1.243690
 182, A,1.405330
 183, A,1.334910
 184, A,1.160530
 185, A,1.139870
 186, A,1.168010
 187, A,1.319270
 188, A,1.226030
 189, A,1.165840
 190, A,1.096500
 191, A,1.091280
 192, A,1.092640
 193, A,1.242830
 194, A,1.112790
 195, A,1.526040
 196, A,1.213510
 197, A,1.186390
 198, A,1.256710
 199, A,1.147710
 200, A,1.007020
 201, A,1.028090
 202, A,1.051800
 203, A,1.221560
 204, A,1.421710
 205, A,1.214580
 206, A,1.505360
 207, A,1.417570
 208, A,1.432760
 209, A,1.569570
 210, A,1.763060
 211, A,1.604500
 212, A,1.253790
 213, A,1.174840
 214, A,1.174290
 215, A,1.043940
 216, A,1.068170
 217, A,1.101000
 218, A,1.210750
 219, A,1.012610
 220, A,1.179640
 221, A,1.082370
 222, A,1.069920
 223, A,1.024180
 224, A,1.026000
 225, A,1.115540
 226, A,1.252190
 227, A,1.188290
 228, A,1.483430
 229, A,2.150320
 230, A,1.993410
 231, A,1.663270
 232, A,1.194350
 233, A,1.294360
 234, A,1.264960
 235, A,1.118990
 236, A,1.097060
 237, A,1.076220
 238, A,1.170440
 239, A,1.262200
 240, A,1.106110
 241, A,1.189210
 242, A,1.054360
 243, A,1.058370
 244, A,1.109630
 245, A,1.201800
 246, A,1.201850
 247, A,1.072380
 248, A,1.042330
 249, A,1.114630
 250, A,1.223620
 251, A,1.084180
 252, A,1.078360
 253, A,1.118930
 254, A,1.204010
 255, A,1.174920
 256, A,1.335880
 257, A,1.583050
 258, A,2.208280
 259, A,3.599070
 260, A,2.865480
 261, A,2.858230
 262, A,1.968690
 263, A,1.429400
 264, A,1.435990
 265, A,1.277400
 266, A,1.181700
 267, A,1.206870
 268, A,1.125980
 269, A,1.203780
 270, A,1.152900
 271, A,1.181340
 272, A,1.194230
 273, A,1.203470
 274, A,1.172050
 275, A,1.141250
 276, A,1.313890
 277, A,1.481790
 278, A,1.314230
 279, A,1.186300
 280, A,1.163910
 281, A,1.083790
 282, A,1.166950
 283, A,1.225280
 284, A,1.159100
 285, A,1.309780
 286, A,1.277220
 287, A,1.390070
 288, A,1.431840
 289, A,1.166890
 290, A,1.229520
 291, A,1.205000
 292, A,1.530170
 293, A,1.672310
 294, A,1.769990
 295, A,2.346090
 296, A,3.558200
 297, A,3.509310
 298, A,5.741970
 299, A,3.679680
 300, A,3.082750
 301, A,1.757800
 302, A,1.744870
 303, A,1.530040
 304, A,1.164280
 305, A,1.209520
 306, A,1.456640
 307, A,1.424590
 308, A,2.003100
 309, A,2.062130
 310, A,1.887660
 311, A,1.881670
 312, A,1.660700
 313, A,1.552930
 314, A,1.852750
 315, A,1.359140
 316, A,1.431520
 317, A,1.355370
 318, A,1.504020
 319, A,1.479290
 320, A,1.522460
 321, A,1.671990
 322, A,1.377120
 323, A,1.338030
 324, A,1.587010
 325, A,1.806260
 326, A,1.221810
 327, A,1.091620
 328, A,1.056910
 329, A,1.281380
 330, A,1.301620
 331, A,1.363460
 332, A,1.060950
 333, A,1.357770
 334, A,1.393540
 335, A,1.137150
 336, A,1.098960
 337, A,1.292350
 338, A,1.378670
 339, A,1.192690
 340, A,1.287020
 341, A,1.432740
 342, A,1.335300
 343, A,1.326420
 344, A,1.157680
 345, A,1.335160
 346, A,1.521300
 347, A,1.180910
 348, A,1.147830
 349, A,1.509490
 350, A,1.425100
 351, A,1.206350
 352, A,1.383530
 353, A,1.593770
 354, A,1.258800
 355, A,1.303390
 356, A,1.944290
 357, A,1.879430
 358, A,1.339900
 359, A,1.755220
 360, A,2.662400
 361, A,1.824270
 362, A,1.761460
 363, A,3.187530
 364, A,3.911600
 365, A,2.759540
 366, A,3.454050
 367, A,4.403560
 368, A,3.873510
 369, A,3.020670
 370, A,2.339200
 371, A,1.893320
 372, A,1.469670
 373, A,1.358790
 374, A,1.075840
 375, A,1.109480
 376, A,1.004080
 377, A,0.995980
 378, A,1.311780
 379, A,1.522030
 380, A,1.511100
 381, A,2.118970
 382, A,1.801020
 383, A,1.600520
 384, A,1.300790
 385, A,1.390010
 386, A,1.341640
 387, A,1.398050
 388, A,1.046940
 389, A,1.185910
 390, A,1.096280
 391, A,1.124450
 392, A,1.288380
 393, A,1.884310
 394, A,1.479580
 395, A,1.578200
 396, A,1.537840
 397, A,1.965680
 398, A,1.942550
 399, A,2.070730
 400, A,1.559540
 401, A,1.881450
 402, A,1.938770
 403, A,1.404160
 404, A,1.243340
 405, A,1.394830
 406, A,1.220550
 407, A,1.122340
 408, A,1.142400
 409, A,1.250560
 410, A,1.125550
 411, A,1.143330
 412, A,1.270420
 413, A,1.113490
 414, A,1.511760
 415, A,1.518690
 416, A,2.028830
 417, A,1.558840
 418, A,1.746540
 419, A,1.559670
 420, A,1.832240
 421, A,1.954370
 422, A,1.530970
 423, A,1.293760
 424, A,1.428800
 425, A,1.523040
 426, A,1.341900
 427, A,1.197250
 428, A,1.652350
 429, A,1.955650
 430, A,1.701530
 431, A,1.792110
 432, A,2.663640
 433, A,2.466940
 434, A,3.016980
 435, A,5.967290
  35, B,5.592410
  36, B,2.153070
  37, B,1.495490
  38, B,1.379350
  39, B,1.875600
  40, B,1.611850
  41, B,1.526330
  42, B,1.350700
  43, B,1.335760
  44, B,1.399370
  45, B,2.064100
  46, B,2.249000
  47, B,1.487220
  48, B,1.458600
  49, B,1.761950
  50, B,1.768990
  51, B,1.181330
  52, B,1.279280
  53, B,1.676090
  54, B,1.438060
  55, B,1.432200
  56, B,1.819530
  57, B,2.334730
  58, B,2.067090
  59, B,2.395570
  60, B,1.831600
  61, B,1.986550
  62, B,1.858380
  63, B,1.514750
  64, B,1.193480
  65, B,1.306800
  66, B,2.023520
  67, B,1.688350
  68, B,2.220960
  69, B,2.136810
  70, B,1.226650
  71, B,1.241290
  72, B,1.140290
  73, B,1.061910
  74, B,1.009010
  75, B,1.204480
  76, B,1.265150
  77, B,1.120350
  78, B,1.029890
  79, B,1.046430
  80, B,0.966785
  81, B,1.060300
  82, B,1.060640
  83, B,1.065920
  84, B,1.104280
  85, B,1.212060
  86, B,1.096580
  87, B,1.061220
  88, B,1.150760
  89, B,1.154650
  90, B,1.195450
  91, B,1.218470
  92, B,1.098210
  93, B,1.035760
  94, B,1.143190
  95, B,1.319600
  96, B,1.096930
  97, B,1.214010
  98, B,1.531920
  99, B,1.755490
 100, B,2.429740
 101, B,1.825550
 102, B,1.416340
 103, B,1.272580
 104, B,1.203690
 105, B,1.141250
 106, B,1.053830
 107, B,1.073640
 108, B,0.993567
 109, B,0.947743
 110, B,0.966818
 111, B,0.964302
 112, B,0.920055
 113, B,0.985842
 114, B,1.069400
 115, B,1.020430
 116, B,1.168360
 117, B,1.135790
 118, B,1.288050
 119, B,1.420300
 120, B,1.600110
 121, B,1.621480
 122, B,1.811520
 123, B,1.635110
 124, B,1.589740
 125, B,1.160480
 126, B,1.394990
 127, B,0.929994
 128, B,1.083860
 129, B,1.242910
 130, B,1.272210
 131, B,1.253740
 132, B,1.101400
 133, B,1.119260
 134, B,0.977979
 135, B,0.938418
 136, B,0.950163
 137, B,0.944449
 138, B,0.963126
 139, B,1.087350
 140, B,1.159890
 141, B,1.582560
 142, B,1.409940
 143, B,2.318590
 144, B,2.124890
 145, B,2.305010
 146, B,1.428450
 147, B,1.213790
 148, B,0.961915
 149, B,0.959532
 150, B,0.880312
 151, B,0.892652
 152, B,0.879232
 153, B,0.927864
 154, B,1.005390
 155, B,1.025650
 156, B,1.132440
 157, B,1.206720
 158, B,1.667260
 159, B,1.760640
 160, B,1.229370
 161, B,1.174360
 162, B,1.016050
 163, B,1.000520
 164, B,0.880199
 165, B,0.893135
 166, B,0.943086
 167, B,0.955540
 168, B,0.995137
 169, B,1.142030
 170, B,1.281370
 171, B,1.198290
 172, B,1.091800
 173, B,0.947864
 174, B,0.880786
 175, B,0.913253
 176, B,1.008900
 177, B,1.034240
 178, B,1.091780
 179, B,1.090000
 180, B,1.116180
 181, B,1.212720
 182, B,1.472670
 183, B,1.183280
 184, B,1.295730
 185, B,1.293810
 186, B,1.358280
 187, B,1.301060
 188, B,1.187580
 189, B,1.172950
 190, B,1.151800
 191, B,1.180570
 192, B,1.125370
 193, B,1.344690
 194, B,1.212240
 195, B,1.486200
 196, B,1.172540
 197, B,1.190960
 198, B,1.120880
 199, B,1.001960
 200, B,0.951590
 201, B,0.996096
 202, B,1.048490
 203, B,1.165750
 204, B,1.395810
 205, B,1.407800
 206, B,1.826300
 207, B,1.727070
 208, B,2.851630
 209, B,3.347370
 210, B,2.804520
 211, B,1.950550
 212, B,1.298460
 213, B,1.192020
 214, B,1.154830
 215, B,1.004510
 216, B,1.086480
 217, B,1.050870
 218, B,1.191710
 219, B,1.164430
 220, B,1.112990
 221, B,1.200290
 222, B,1.058960
 223, B,1.086060
 224, B,1.111700
 225, B,1.219080
 226, B,1.154190
 227, B,1.107180
 228, B,1.228700
 229, B,1.401040
 230, B,1.470390
 231, B,1.606500
 232, B,1.298750
 233, B,1.570110
 234, B,1.334610
 235, B,1.247470
 236, B,1.115880
 237, B,1.238820
 238, B,1.361180
 239, B,1.395420
 240, B,1.122140
 241, B,1.210150
 242, B,1.001330
 243, B,1.133840
 244, B,1.115330
 245, B,1.473580
 246, B,1.376800
 247, B,1.209910
 248, B,1.232530
 249, B,1.105240
 250, B,1.176010
 251, B,1.094400
 252, B,1.198120
 253, B,1.233270
 254, B,1.512910
 255, B,1.727220
 256, B,1.940670
 262, B,2.986450
 263, B,2.064960
 264, B,1.461460
 265, B,1.360920
 266, B,1.148760
 267, B,1.157880
 268, B,1.097510
 269, B,1.151390
 270, B,1.135910
 271, B,1.421950
 272, B,1.690740
 273, B,2.494080
 274, B,3.123410
 275, B,2.530440
 276, B,2.137620
 277, B,1.588550
 278, B,1.429680
 279, B,1.265650
 280, B,1.181470
 281, B,1.113690
 282, B,1.187420
 283, B,1.274220
 284, B,1.189390
 285, B,1.360080
 286, B,1.279600
 287, B,1.407320
 288, B,1.453910
 289, B,1.157830
 290, B,1.218300
 291, B,1.201300
 292, B,1.522380
 293, B,1.639190
 294, B,1.936380
 295, B,2.465550
 296, B,3.475970
 297, B,3.102950
 298, B,3.791470
 299, B,3.017200
 300, B,2.407730
 301, B,1.678100
 302, B,1.683200
 303, B,1.600010
 304, B,1.164520
 305, B,1.254590
 306, B,1.455480
 307, B,1.405210
 308, B,2.093050
 309, B,2.077510
 310, B,1.758630
 311, B,1.888110
 312, B,1.629270
 313, B,1.482700
 314, B,1.756980
 315, B,1.385930
 316, B,1.364390
 317, B,1.254920
 318, B,1.441720
 319, B,1.802500
 320, B,1.657010
 321, B,2.139250
 322, B,1.731440
 323, B,1.324260
 324, B,1.391890
 325, B,1.556560
 326, B,1.170660
 327, B,1.046060
 328, B,0.985486
 329, B,1.172730
 330, B,1.228600
 331, B,1.178030
 332, B,1.058690
 333, B,1.163510
 334, B,1.334560
 335, B,1.176580
 336, B,1.131970
 337, B,1.399310
 338, B,1.335160
 339, B,1.157170
 340, B,1.280020
 341, B,1.344510
 342, B,1.223730
 343, B,1.246310
 344, B,1.227590
 345, B,1.523440
 346, B,1.634450
 347, B,1.258240
 348, B,1.318220
 349, B,1.737730
 350, B,1.378740
 351, B,1.154430
 352, B,1.398700
 353, B,1.547980
 354, B,1.220410
 355, B,1.191610
 356, B,1.651660
 357, B,1.679570
 358, B,1.330370
 359, B,1.698150
 360, B,2.383240
 361, B,1.847190
 362, B,1.848460
 363, B,3.304010
 364, B,3.877590
 365, B,2.967570
 366, B,4.533840
 367, B,6.233160
 368, B,5.530060
 369, B,4.998070
 370, B,2.738470
 371, B,2.096620
 372, B,1.431650
 373, B,1.324910
 374, B,1.094970
 375, B,1.082540
 376, B,0.994061
 377, B,0.994312
 378, B,1.171140
 379, B,1.375250
 380, B,1.606220
 381, B,3.454320
 382, B,5.025990
 383, B,5.455560
 384, B,1.884900
 385, B,1.806480
 386, B,1.393600
 387, B,1.356050
 388, B,1.071470
 389, B,1.116460
 390, B,1.051740
 391, B,1.100150
 392, B,1.235040
 393, B,2.038710
 394, B,1.423750
 395, B,1.573080
 396, B,1.474470
 397, B,1.916200
 398, B,1.955920
 399, B,1.998020
 400, B,1.554780
 401, B,1.787230
 402, B,1.968900
 403, B,1.400930
 404, B,1.228460
 405, B,1.416180
 406, B,1.245540
 407, B,1.119600
 408, B,1.131800
 409, B,1.254390
 410, B,1.107500
 411, B,1.142570
 412, B,1.183200
 413, B,1.124450
 414, B,1.322850
 415, B,1.678560
 416, B,2.479170
 417, B,1.617930
 418, B,2.119160
 419, B,1.752160
 420, B,1.959360
 421, B,2.130240
 422, B,1.594340
 423, B,1.267320
 424, B,1.328060
 425, B,1.458030
 426, B,1.330340
 427, B,1.274410
 428, B,1.652640
 429, B,2.007800
 430, B,1.706710
 431, B,1.803500
 432, B,2.914860
 433, B,2.700800
 434, B,3.035570
  36, C,2.174670
  37, C,1.911120
  38, C,1.436570
  39, C,2.098710
  40, C,1.846580
  41, C,1.725610
  42, C,1.895230
  46, C,3.024740
  47, C,1.624800
  48, C,1.582370
  49, C,2.323040
  50, C,1.658260
  51, C,1.338260
  52, C,1.705910
  53, C,2.089590
  54, C,1.586510
  55, C,1.761030
  56, C,2.288670
  57, C,2.443940
  58, C,2.140760
  59, C,2.393400
  60, C,2.024800
  61, C,1.851850
  62, C,2.093180
  63, C,1.570490
  64, C,1.200490
  65, C,1.304340
  66, C,2.029600
  67, C,1.675590
  68, C,2.543280
  69, C,2.406850
  70, C,1.242180
  71, C,1.233570
  72, C,1.226870
  73, C,1.189190
  74, C,1.056930
  75, C,1.329370
  76, C,1.321230
  77, C,1.236830
  78, C,0.989641
  79, C,1.043930
  80, C,0.990134
  81, C,1.088940
  82, C,1.058790
  83, C,1.044300
  84, C,1.107500
  85, C,1.226660
  86, C,1.080750
  87, C,1.121000
  88, C,1.160590
  89, C,1.190200
  90, C,1.187270
  91, C,1.239210
  92, C,1.123910
  93, C,1.042000
  94, C,1.151730
  95, C,1.322100
  96, C,1.104410
  97, C,1.226480
  98, C,1.526090
  99, C,1.796000
 100, C,2.384700
 101, C,1.659260
 102, C,1.388540
 103, C,1.283760
 104, C,1.224440
 105, C,1.151410
 106, C,1.053410
 107, C,1.067570
 108, C,1.090910
 109, C,0.911326
 110, C,0.959812
 111, C,0.986483
 112, C,0.932806
 113, C,0.987034
 114, C,1.036980
 115, C,1.026020
 116, C,1.182590
 117, C,1.156430
 118, C,1.318270
 119, C,1.427430
 120, C,1.580450
 121, C,1.769070
 122, C,1.960480
 123, C,1.667720
 124, C,1.550570
 125, C,1.216340
 126, C,1.386070
 127, C,0.910261
 128, C,1.098540
 129, C,1.303900
 130, C,1.177130
 131, C,1.247030
 132, C,1.093710
 133, C,1.079640
 134, C,0.977723
 135, C,0.945472
 136, C,0.957351
 137, C,0.967184
 138, C,1.010850
 139, C,1.095090
 140, C,1.175820
 141, C,1.610470
 142, C,1.439780
 143, C,2.395830
 144, C,2.118770
 145, C,2.334840
 146, C,1.430990
 147, C,1.214120
 148, C,0.959222
 149, C,0.944305
 150, C,0.880299
 151, C,0.870301
 152, C,0.872324
 153, C,0.927237
 154, C,1.035590
 155, C,1.059270
 156, C,1.130650
 157, C,1.219340
 158, C,1.693570
 159, C,1.854020
 160, C,1.190200
 161, C,1.198540
 162, C,1.047720
 163, C,0.985811
 164, C,0.893924
 165, C,0.887121
 166, C,0.947138
 167, C,0.952416
 168, C,1.005760
 169, C,1.120290
 170, C,1.294150
 171, C,1.204640
 172, C,1.119590
 173, C,0.947246
 174, C,0.877310
 175, C,0.906404
 176, C,1.026820
 177, C,1.017910
 178, C,1.096010
 179, C,1.079950
 180, C,1.112450
 181, C,1.271010
 182, C,1.466630
 183, C,1.193830
 184, C,1.286920
 185, C,1.307360
 186, C,1.385240
 187, C,1.513680
 188, C,1.329830
 189, C,1.131770
 190, C,1.073360
 191, C,1.084160
 192, C,1.111500
 193, C,1.310330
 194, C,1.219500
 195, C,1.468580
 196, C,1.161060
 197, C,1.198600
 198, C,1.087510
 199, C,1.036750
 200, C,0.987776
 201, C,1.007380
 202, C,1.050040
 203, C,1.167390
 204, C,1.422930
 205, C,1.409650
 206, C,1.743540
 207, C,1.825620
 208, C,2.966460
 209, C,3.313320
 210, C,2.995400
 211, C,1.978340
 212, C,1.358010
 213, C,1.186980
 214, C,1.160970
 215, C,1.009310
 216, C,1.103420
 217, C,1.038390
 218, C,1.215790
 219, C,1.161590
 220, C,1.133090
 221, C,1.184390
 222, C,1.026940
 223, C,0.993827
 224, C,0.998172
 225, C,1.163480
 226, C,1.282320
 227, C,1.105780
 228, C,1.405810
 229, C,1.757530
 230, C,1.889620
 231, C,1.579930
 232, C,1.260410
 233, C,1.220990
 234, C,1.187840
 235, C,1.177350
 236, C,1.009710
 237, C,1.152930
 238, C,1.377950
 239, C,1.370470
 240, C,1.135010
 241, C,1.207910
 242, C,1.013520
 243, C,1.159050
 244, C,1.095630
 245, C,1.489950
 246, C,1.410170
 247, C,1.213490
 248, C,1.133190
 249, C,1.102140
 250, C,1.146050
 251, C,1.085480
 252, C,1.208470
 253, C,1.193790
 254, C,1.287680
 255, C,1.275430
 256, C,1.508980
 257, C,1.690330
 258, C,2.030010
 259, C,2.347770
 260, C,2.363990
 261, C,2.376340
 262, C,1.701100
 263, C,1.364240
 264, C,1.351080
 265, C,1.221130
 266, C,1.131320
 267, C,1.164690
 268, C,1.081510
 269, C,1.121690
 270, C,1.123620
 271, C,1.398190
 272, C,1.645270
 273, C,2.375560
 274, C,3.057000
 275, C,2.631430
 276, C,2.114830
 277, C,1.596970
 278, C,1.436390
 279, C,1.261270
 280, C,1.186820
 281, C,1.093740
 282, C,1.197950
 283, C,1.256640
 284, C,1.157930
 285, C,1.409140
 286, C,1.303680
 287, C,1.474700
 288, C,1.393650
 289, C,1.154650
 290, C,1.179090
 291, C,1.175590
 292, C,1.464780
 293, C,1.671670
 294, C,1.799520
 295, C,2.304600
 296, C,3.112320
 297, C,3.986190
 298, C,4.473100
 299, C,3.630460
 300, C,2.913460
 301, C,1.606490
 302, C,1.520860
 303, C,1.500960
 304, C,1.161120
 305, C,1.251530
 306, C,1.406300
 307, C,1.475150
 308, C,1.935580
 309, C,1.771310
 310, C,1.745510
 311, C,2.211370
 312, C,2.120550
 313, C,1.645230
 314, C,2.034710
 315, C,1.444240
 316, C,1.558780
 317, C,1.383020
 318, C,1.524520
 319, C,1.565220
 320, C,1.520360
 321, C,1.592920
 322, C,1.521960
 323, C,1.302060
 324, C,1.477800
 325, C,1.704830
 326, C,1.195430
 327, C,1.047370
 328, C,1.025800
 329, C,1.176770
 330, C,1.185960
 331, C,1.192030
 332, C,1.003650
 333, C,1.195490
 334, C,1.222390
 335, C,1.079660
 336, C,1.076430
 337, C,1.155830
 338, C,1.375530
 339, C,1.165460
 340, C,1.288320
 341, C,1.505230
 342, C,1.329460
 343, C,1.628350
 344, C,1.443540
 345, C,1.812750
 346, C,1.757080
 347, C,1.262370
 348, C,1.382590
 349, C,1.693180
 350, C,1.355090
 351, C,1.153300
 352, C,1.369240
 353, C,1.546120
 354, C,1.215640
 355, C,1.206930
 356, C,1.680350
 357, C,1.640150
 358, C,1.336040
 359, C,1.648040
 360, C,2.503770
 361, C,1.814860
 362, C,1.877410
 363, C,3.338190
 364, C,3.839350
 365, C,3.066050
 366, C,4.663630
 367, C,6.233160
 368, C,5.561470
 369, C,5.268250
 370, C,2.895830
 371, C,2.010060
 372, C,1.397830
 373, C,1.331980
 374, C,1.092430
 375, C,1.117810
 376, C,0.979513
 377, C,0.996116
 378, C,1.212110
 379, C,1.385080
 380, C,1.651470
 381, C,3.346250
 382, C,5.107560
 383, C,4.943370
 384, C,1.935900
 385, C,1.761080
 386, C,1.323710
 387, C,1.362360
 388, C,1.085020
 389, C,1.129290
 390, C,1.017610
 391, C,1.110810
 392, C,1.228380
 393, C,1.745270
 394, C,1.456240
 395, C,1.605480
 396, C,1.468480
 397, C,2.005760
 398, C,1.955330
 399, C,2.070730
 400, C,1.555610
 401, C,1.834620
 402, C,1.982330
 403, C,1.395780
 404, C,1.238280
 405, C,1.377230
 406, C,1.225220
 407, C,1.106090
 408, C,1.127670
 409, C,1.280850
 410, C,1.144550
 411, C,1.144860
 412, C,1.215100
 413, C,1.238970
 414, C,1.380070
 415, C,1.623180
 416, C,2.397230
 417, C,1.618330
 418, C,1.752620
 419, C,1.723540
 420, C,2.047130
 421, C,2.076080
 422, C,1.578840
 423, C,1.270930
 424, C,1.350540
 425, C,1.553820
 426, C,1.368010
 427, C,1.329690
 428, C,1.645150
 429, C,2.103520
 430, C,1.709480
 431, C,1.711230
 432, C,2.695440
 433, C,3.001620
  36, D,2.403470
  37, D,1.561090
  38, D,1.457100
  39, D,1.805750
  40, D,1.621520
  41, D,1.403650
  42, D,1.438690
  43, D,1.373760
  44, D,1.781980
  45, D,2.327230
  46, D,2.297740
  47, D,1.457400
  48, D,1.507680
  49, D,2.049200
  50, D,1.587540
  51, D,1.243550
  52, D,1.555710
  53, D,1.921780
  54, D,1.443750
  55, D,1.443640
  56, D,2.081660
  57, D,2.222720
  58, D,1.715290
  59, D,1.735860
  60, D,1.268640
  61, D,1.245740
  62, D,1.342190
  63, D,1.385410
  64, D,1.285280
  65, D,1.320570
  66, D,2.113140
  67, D,1.684140
  68, D,2.519540
  69, D,2.468710
  70, D,1.195040
  71, D,1.201870
  72, D,1.188740
  73, D,1.117360
  74, D,1.017660
  75, D,1.229690
  76, D,1.232970
  77, D,1.110370
  78, D,0.984543
  79, D,1.039690
  80, D,0.970547
  81, D,1.076230
  82, D,1.062810
  83, D,1.027140
  84, D,1.112320
  85, D,1.199060
  86, D,1.057180
  87, D,1.100740
  88, D,1.138090
  89, D,1.137850
  90, D,1.183420
  91, D,1.221280
  92, D,1.098240
  93, D,1.022510
  94, D,1.136280
  95, D,1.355520
  96, D,1.150930
  97, D,1.215070
  98, D,1.528440
  99, D,1.771530
 100, D,2.546680
 101, D,1.791780
 102, D,1.452730
 103, D,1.288650
 104, D,1.217320
 105, D,1.143820
 106, D,1.078610
 107, D,1.069770
 108, D,1.025730
 109, D,0.926084
 110, D,0.950855
 111, D,0.958425
 112, D,0.941081
 113, D,0.988751
 114, D,1.027510
 115, D,1.015370
 116, D,1.128510
 117, D,1.159400
 118, D,1.304760
 119, D,1.406920
 120, D,1.637840
 121, D,1.607760
 122, D,1.705960
 123, D,1.333310
 124, D,1.328200
 125, D,1.145910
 126, D,1.390760
 127, D,0.904211
 128, D,1.013800
 129, D,1.294080
 130, D,1.031790
 131, D,1.246140
 132, D,1.101450
 133, D,1.122280
 134, D,0.976070
 135, D,0.949016
 136, D,0.959966
 137, D,0.949497
 138, D,0.963987
 139, D,1.088160
 140, D,1.157240
 141, D,1.645380
 142, D,1.403110
 143, D,2.234240
 144, D,2.081870
 145, D,2.248360
 146, D,1.433980
 147, D,1.210370
 148, D,0.965947
 149, D,0.932398
 150, D,0.877335
 151, D,0.896916
 152, D,0.883244
 153, D,0.936080
 154, D,0.999077
 155, D,1.000140
 156, D,1.080170
 157, D,1.204650
 158, D,1.735170
 159, D,1.454930
 160, D,1.212030
 161, D,1.209350
 162, D,1.022200
 163, D,0.991951
 164, D,0.905578
 165, D,0.906196
 166, D,0.944999
 167, D,0.954687
 168, D,1.002460
 169, D,1.134710
 170, D,1.291620
 171, D,1.204640
 172, D,1.099540
 173, D,0.958956
 174, D,0.880019
 175, D,0.927225
 176, D,1.011010
 177, D,1.106030
 178, D,1.174310
 179, D,1.082290
 180, D,1.234390
 181, D,1.103760
 182, D,1.315220
 183, D,1.225550
 184, D,1.139730
 185, D,1.109460
 186, D,1.124310
 187, D,1.267850
 188, D,1.168150
 189, D,1.057650
 190, D,1.047110
 191, D,1.013140
 192, D,1.128660
 193, D,1.169280
 194, D,1.092350
 195, D,1.482560
 196, D,1.190960
 197, D,1.157970
 198, D,1.231540
 199, D,1.158790
 200, D,1.036580
 201, D,1.029180
 202, D,1.050270
 203, D,1.202530
 204, D,1.414890
 205, D,1.238640
 206, D,1.646390
 207, D,1.454720
 208, D,1.470650
 209, D,1.631880
 210, D,1.894800
 211, D,1.743910
 212, D,1.352360
 213, D,1.176070
 214, D,1.202080
 215, D,1.063670
 216, D,1.082790
 217, D,0.998140
 218, D,1.125420
 219, D,1.054480
 220, D,1.146470
 221, D,1.110550
 222, D,1.030650
 223, D,0.996440
 224, D,0.950455
 225, D,1.100700
 226, D,1.168820
 227, D,1.053780
 228, D,1.319450
 229, D,1.578870
 230, D,1.711970
 231, D,1.526190
 232, D,1.158540
 233, D,1.157260
 234, D,1.209230
 235, D,1.058250
 236, D,1.126200
 237, D,1.091520
 238, D,1.210500
 239, D,1.231770
 240, D,1.043750
 241, D,1.236710
 242, D,1.073880
 243, D,1.156930
 244, D,1.113130
 245, D,1.208360
 246, D,1.231960
 247, D,1.114810
 248, D,1.042740
 249, D,1.113090
 250, D,1.155170
 251, D,1.063250
 252, D,1.133410
 253, D,1.137900
 254, D,1.213820
 255, D,1.194780
 256, D,1.264010
 257, D,1.345840
 258, D,1.544960
 259, D,2.115350
 260, D,2.288060
 261, D,2.219300
 262, D,1.872180
 263, D,1.535650
 264, D,1.405050
 265, D,1.282140
 266, D,1.193270
 267, D,1.208980
 268, D,1.119540
 269, D,1.148120
 270, D,1.153220
 271, D,1.168800
 272, D,1.148530
 273, D,1.222870
 274, D,1.274750
 275, D,1.205020
 276, D,1.270520
 277, D,1.283690
 278, D,1.295510
 279, D,1.183990
 280, D,1.162330
 281, D,1.091910
 282, D,1.214920
 283, D,1.287790
 284, D,1.166720
 285, D,1.377230
 286, D,1.275460
 287, D,1.362800
 288, D,1.412420
 289, D,1.169110
 290, D,1.214540
 291, D,1.205060
 292, D,1.550660
 293, D,1.668520
 294, D,1.670510
 295, D,2.156860
 296, D,3.159250
 297, D,2.943080
 298, D,4.996810
 299, D,3.409360
 300, D,2.715030
 301, D,1.759420
 302, D,1.678290
 303, D,1.571480
 304, D,1.173620
 305, D,1.233890
 306, D,1.459850
 307, D,1.365180
 308, D,2.012630
 309, D,2.009850
 310, D,1.775410
 311, D,1.915890
 312, D,1.611930
 313, D,1.493720
 314, D,1.772900
 315, D,1.321480
 316, D,1.342660
 317, D,1.274380
 318, D,1.404480
 319, D,1.756470
 320, D,1.689060
 321, D,2.106600
 322, D,1.761910
 323, D,1.315360
 324, D,1.397650
 325, D,1.537560
 326, D,1.161500
 327, D,1.033180
 328, D,0.984813
 329, D,1.171110
 330, D,1.213520
 331, D,1.179660
 332, D,1.065870
 333, D,1.184810
 334, D,1.414800
 335, D,1.219400
 336, D,1.178950
 337, D,1.434150
 338, D,1.543440
 339, D,1.201040
 340, D,1.503480
 341, D,1.852620
 342, D,1.672050
 343, D,1.682880
 344, D,1.490910
 345, D,1.767950
 346, D,1.911040
 347, D,1.377070
 348, D,1.369910
 349, D,1.730080
 350, D,1.469570
 351, D,1.176760
 352, D,1.376460
 353, D,1.550060
 354, D,1.211770
 355, D,1.214260
 356, D,1.640050
 357, D,1.658030
 358, D,1.330330
 359, D,1.681410
 360, D,2.492790
 361, D,1.877650
 362, D,1.808620
 363, D,3.235460
 364, D,3.874090
 365, D,2.908180
 366, D,4.028340
 367, D,5.566280
 368, D,4.839140
 369, D,3.653730
 370, D,2.457200
 371, D,2.012160
 372, D,1.491130
 373, D,1.370010
 374, D,1.097500
 375, D,1.084230
 376, D,0.999445
 377, D,0.989156
 378, D,1.341310
 379, D,1.538520
 380, D,1.492460
 381, D,2.102690
 382, D,1.842340
 383, D,1.768900
 384, D,1.294680
 385, D,1.489070
 386, D,1.354720
 387, D,1.384000
 388, D,1.076440
 389, D,1.202280
 390, D,1.102600
 391, D,1.093820
 392, D,1.247530
 393, D,1.951580
 394, D,1.489130
 395, D,1.636610
 396, D,1.673820
 397, D,1.983360
 398, D,1.937710
 399, D,2.002420
 400, D,1.540110
 401, D,1.860500
 402, D,2.010570
 403, D,1.482930
 404, D,1.245880
 405, D,1.407280
 406, D,1.241620
 407, D,1.114740
 408, D,1.128170
 409, D,1.234840
 410, D,1.115550
 411, D,1.146800
 412, D,1.184240
 413, D,1.119220
 414, D,1.305510
 415, D,1.696130
 416, D,2.568760
 417, D,1.578680
 418, D,1.806160
 419, D,1.711870
 420, D,2.000240
 421, D,2.113580
 422, D,1.525440
 423, D,1.245890
 424, D,1.342750
 425, D,1.506090
 426, D,1.344780
 427, D,1.169020
 428, D,1.721680
 429, D,1.677540
 430, D,1.508630
 431, D,1.515580
 432, D,1.804420
 433, D,2.172240
 434, D,1.907020
 435, D,2.257130
 436, D,3.951270
 437, D,4.290490
 438, D,3.779290
 439, D,4.523300
 440, D,5.689160
 441, D,5.121440
 442, D,4.795930
